<?xml version="1.0" encoding="utf-8"?>
<extension type="component" version="3.0" method="upgrade">
    <name>com_cs_payments</name>
    <creationDate>2017-06-12</creationDate>
    <theCreationDate>2013-12-09</theCreationDate>
    <copyright>Copyright (C) Creative Spirits 2017. All rights reserved.</copyright>
    <license>GNU General Public License version 2 or later; see LICENSE.txt</license>
    <author>Ted Lowe</author>
    <authorEmail>lists@creativespirits.org</authorEmail>
    <authorUrl>http://www.creativespirits.org</authorUrl>
    <version>1.0.3</version>
    <description>Collect information and payments online.</description>

    <install> <!-- Runs on install -->
        <sql>
            <file driver="mysql" charset="utf8">sql/install.mysql.utf8.sql</file>
        </sql>
    </install>

    <uninstall> <!-- Runs on uninstall -->
        <sql>
            <file driver="mysql" charset="utf8">sql/uninstall.mysql.utf8.sql</file>
        </sql>
    </uninstall>

    <files folder="site">
        <filename>index.html</filename>
        <filename>cs_payments.php</filename>
        <filename>controller.php</filename>
        <filename>router.php</filename>
        <folder>assets</folder>
        <folder>views</folder>
        <folder>models</folder>
        <folder>controllers</folder>
        <folder>helpers</folder>
    </files>

    <languages folder="site">
			<language tag="en-GB">language/en-GB.com_cs_payments.ini</language>
    </languages>

    <administration>
        <menu>COM_CS_PAYMENTS</menu>
        <submenu>
			<menu link="option=com_cs_payments&amp;view=donationfunds" view="donationfunds" alt="CS Payments - Donation Funds">COM_CS_PAYMENTS_TITLE_DONATION_FUNDS</menu>
  			<menu link="option=com_cs_payments&amp;view=membershiptypes" view="membershiptypes" alt="CS Payments - Membership Types">COM_CS_PAYMENTS_TITLE_MEMBERSHIP_TYPES</menu>
			<menu link="option=com_cs_payments&amp;view=payments" view="payments" alt="CS Payments - Payments">COM_CS_PAYMENTS_TITLE_PAYMENTS</menu>
   			<menu link="option=com_cs_payments&amp;view=sources" view="sources" alt="CS Payments - Sources">COM_CS_PAYMENTS_TITLE_SOURCES</menu>
		</submenu>
        <files folder="administrator">
            <filename>access.xml</filename>
            <filename>config.xml</filename>
            <filename>controller.php</filename>
            <filename>index.html</filename>
            <filename>cs_payments.php</filename>
            <folder>controllers</folder>
            <folder>assets</folder>
            <folder>helpers</folder>
            <folder>models</folder>
            <folder>sql</folder>
            <folder>tables</folder>
            <folder>views</folder>
        </files>
        <languages folder="administrator">
			<language tag="en-GB">language/en-GB.com_cs_payments.ini</language>
			<language tag="en-GB">language/en-GB.com_cs_payments.sys.ini</language>
        </languages>
    </administration>
    <update> <!-- Runs on update; New in 2.5 -->
		<schemas>
			<schemapath type="mysql">sql/updates/mysql</schemapath>
		</schemas>
	</update>
	<updateservers>
		<!-- Note: No spaces or linebreaks allowed between the server tags -->
   		<server type="extension" priority="1" name="com_cs_payments">http://creativespirits.org/products/joomla/com_cs_payments-update.xml</server>
	</updateservers>
</extension>
<!-- Component built by the Joomla Component Creator -->
<!-- http://www.notwebdesign.com/joomla-component-creator/ -->
